{
  "method": "wild_bootstrap_global_v7_B5000",
  "n_paths": 5000,
  "T_rep_per_path": 5273,
  "n_pooled_obs": 25475000,
  "sigma_rep_LR": 0.0196,
  "min_window": 178,
  "max_lookback": 252,
  "q90": -0.1618771255016327,
  "q94": 0.1009654700756073,
  "q95": 0.19266299903392792,
  "q99": 0.9949036836624146,
  "se_q94_approx": 0.0033585711247493327,
  "se_q99_approx": 0.0014071247279470289,
  "seed_base": 20260515,
  "comparison_B100": {
    "q94_old": 0.1207,
    "q99_old": 1.0028,
    "q94_delta": -0.019734529924392702,
    "q99_delta": -0.007896316337585363
  }
}