{
  "method": "wild_bootstrap_global_v7",
  "n_paths": 100,
  "T_rep": 5273,
  "sigma_rep_LR": 0.01955812396318423,
  "min_window": 178,
  "max_lookback": 252,
  "q90": -0.15187337510630164,
  "q94": 0.12070413098159206,
  "q95": 0.2144185062734924,
  "q99": 1.002801580826664,
  "n_pooled_obs": 509500,
  "seed": 20260515
}