{
  "method": "wild_bootstrap_global_v7_MC",
  "n_paths": 500,
  "T_per_path": 240,
  "n_pooled_obs": 105000,
  "sigma": 0.1574,
  "min_window": 30,
  "max_lookback": 60,
  "q90": -0.05300058051943779,
  "q94": 0.385759562253952,
  "q95": 0.5577825307846069,
  "q99": 2.324018955230713,
  "se_q94": 0.010620734437881401,
  "se_q99": 0.0044497190922573975,
  "seed_base": 20260515
}